{
  "metadata": {
    "generated_at": "2026-04-05T06:13:35.357213+00:00",
    "version": "2.1",
    "degradation": "NOMINAL",
    "ok": 82,
    "failed": 0,
    "failures": [],
    "cost": "$0",
    "bg_source": "github_raw"
  },
  "data": {
    "mvrv_zscore": 0.4481,
    "nupl": 0.1939619576,
    "sopr": 1.0002995857,
    "lth_sopr": 0.8858568982,
    "sth_sopr": 1.0010328646,
    "puell_multiple": 0.6638571429,
    "reserve_risk": 0.001786,
    "rhodl_ratio": 1164.3708,
    "realized_price": 53925.5893514307,
    "sth_realized_price": 79244.685813108,
    "lth_realized_price": 49168.7165397572,
    "supply_lth": 14180789.51833743,
    "supply_sth": 5787621.01688686,
    "supply_in_profit": 44.62,
    "active_addresses": 647348.0,
    "hashrate": 867075793.87,
    "funding_rate_bg": 1.651e-05,
    "open_interest_bg": 66908.3179918177,
    "etf_balance_bg": 1510837.848755859,
    "pi_cycle_bg": 67346.27,
    "fear_greed_bg": 12.0,
    "lth_mvrv": 1.53,
    "sth_mvrv": 0.82,
    "funding_btc_3d_avg": 0.0017,
    "funding_eth_3d_avg": 0,
    "funding_sol_3d_avg": 0,
    "oi_btc": 66908.3179918177,
    "liquidations_24h": null,
    "btc_price": 66664.0,
    "eth_price": 2034.07,
    "sol_price": 79.94,
    "usdt_price": 0.99983,
    "usdc_price": 1.0,
    "btc_24h_chg": -0.4292872939351598,
    "eth_24h_chg": -0.9962150102789064,
    "sol_24h_chg": -0.28564449982629064,
    "btc_mcap": 1337455255954.004,
    "btc_dominance": 56.16302263556898,
    "total_crypto_mcap": 2376953301777.111,
    "stablecoin_supply_total": 315492273191.11206,
    "usdt_supply": 184084529239.71494,
    "usdc_supply": 77412241901.7009,
    "usdt_usdc_ratio": 2.378,
    "defi_tvl_total": 92219966242.0,
    "fear_greed_raw": 12,
    "fear_greed_7d_avg": 10.1,
    "puell_calc": 0.591,
    "miner_revenue": 26981693.0,
    "active_addresses_bc": 430348,
    "v16_macro_state": 3,
    "v16_state_name": "LATE_EXPANSION",
    "v16_modifier": 0.85,
    "v16_states_30d": 2,
    "v16_unstable": false,
    "howell_liq_dir": 0,
    "howell_vote_sum": 0,
    "rainbow_band": 2,
    "rainbow_score": -1.289,
    "pi_top_111sma": 81398.75,
    "pi_top_2x350ema": 180997.07,
    "pi_top_proximity": -0.5503,
    "btc_200dma": 93451.07,
    "btc_200dma_slope": -0.0685,
    "below_200dma_falling": "True",
    "btc_200wma": 58940.48,
    "below_200wma": "False",
    "btc_2yr_ma": 86650.49,
    "btc_2yr_ma_x5": 433252.46,
    "days_since_halving": 716,
    "halving_phase": 0.49,
    "btc_realvol_60d": 0.5494,
    "btc_7d_chg": -6.12,
    "btc_30d_chg": -3.02,
    "btc_90d_chg": -21.86,
    "btc_ath_252d": 124720.09,
    "btc_dd_from_ath": -0.4646,
    "btc_dd_21d": -0.0989,
    "eth_btc_ratio": 0.030512,
    "sol_btc_ratio": 0.001199,
    "oi_mcap_ratio": 0.0,
    "meme_explosion_count": 0
  }
}