{
  "metadata": {
    "generated_at": "2026-03-22T05:50:49.329997+00:00",
    "version": "2.1",
    "degradation": "NOMINAL",
    "ok": 82,
    "failed": 0,
    "failures": [],
    "cost": "$0",
    "bg_source": "github_raw"
  },
  "data": {
    "mvrv_zscore": 0.5446,
    "nupl": 0.2291350701,
    "sopr": 0.9941443804,
    "lth_sopr": 0.885382862,
    "sth_sopr": 0.9959445154,
    "puell_multiple": 0.6685714286,
    "reserve_risk": 0.001786,
    "rhodl_ratio": 1321.9069333333,
    "realized_price": 53803.09,
    "sth_realized_price": 85797.011476134,
    "lth_realized_price": 48285.526712165,
    "supply_lth": 14180789.51833743,
    "supply_sth": 5787621.01688686,
    "supply_in_profit": 48.76,
    "active_addresses": 656663.0,
    "hashrate": 920251538.19,
    "funding_rate_bg": -7.38e-06,
    "open_interest_bg": 69948.9048267095,
    "etf_balance_bg": 1513812.8798321085,
    "pi_cycle_bg": 70277.21,
    "fear_greed_bg": 10.0,
    "lth_mvrv": 1.65,
    "sth_mvrv": 0.83,
    "funding_btc_3d_avg": -0.0007,
    "funding_eth_3d_avg": 0,
    "funding_sol_3d_avg": 0,
    "oi_btc": 69948.9048267095,
    "liquidations_24h": null,
    "btc_price": 69195.0,
    "eth_price": 2115.28,
    "sol_price": 88.55,
    "usdt_price": 0.999811,
    "usdc_price": 0.999895,
    "btc_24h_chg": -2.122172266181082,
    "eth_24h_chg": -1.7671029929855329,
    "sol_24h_chg": -1.8123135045291845,
    "btc_mcap": 1384070674550.7744,
    "btc_dominance": 56.29339548191412,
    "total_crypto_mcap": 2459068722668.7227,
    "stablecoin_supply_total": 315272991820.26556,
    "usdt_supply": 184168140905.8103,
    "usdc_supply": 79013151946.50952,
    "usdt_usdc_ratio": 2.331,
    "defi_tvl_total": 95527201329.0,
    "fear_greed_raw": 10,
    "fear_greed_7d_avg": 19.0,
    "puell_calc": 0.678,
    "miner_revenue": 31213760.0,
    "active_addresses_bc": 477639,
    "v16_macro_state": 3,
    "v16_state_name": "LATE_EXPANSION",
    "v16_modifier": 0.85,
    "v16_states_30d": 1,
    "v16_unstable": false,
    "howell_liq_dir": 0,
    "howell_vote_sum": 0,
    "rainbow_band": 2,
    "rainbow_score": -1.164,
    "pi_top_111sma": 83195.78,
    "pi_top_2x350ema": 183581.79,
    "pi_top_proximity": -0.5468,
    "btc_200dma": 95630.17,
    "btc_200dma_slope": -0.0697,
    "below_200dma_falling": "True",
    "btc_200wma": 58664.13,
    "below_200wma": "False",
    "btc_2yr_ma": 86665.47,
    "btc_2yr_ma_x5": 433327.36,
    "days_since_halving": 702,
    "halving_phase": 0.481,
    "btc_realvol_60d": 0.5399,
    "btc_7d_chg": 1.09,
    "btc_30d_chg": -0.09,
    "btc_90d_chg": -22.27,
    "btc_ath_252d": 124720.09,
    "btc_dd_from_ath": -0.435,
    "btc_dd_21d": -0.0492,
    "eth_btc_ratio": 0.03057,
    "sol_btc_ratio": 0.00128,
    "oi_mcap_ratio": 0.0,
    "meme_explosion_count": 0
  }
}