{
  "metadata": {
    "generated_at": "2026-04-12T06:22:23.883324+00:00",
    "version": "2.1",
    "degradation": "DEGRADED",
    "ok": 79,
    "failed": 3,
    "failures": [
      {
        "source": "reserve_risk",
        "reason": "BG parse error: reserve_risk.json"
      },
      {
        "source": "supply_lth",
        "reason": "BG parse error: lth_supply.json"
      },
      {
        "source": "supply_sth",
        "reason": "BG parse error: sth_supply.json"
      }
    ],
    "cost": "$0",
    "bg_source": "github_raw"
  },
  "data": {
    "mvrv_zscore": 0.5899,
    "nupl": 0.2607165816,
    "sopr": 1.0060115604,
    "lth_sopr": 0.8820881478,
    "sth_sopr": 1.007003031,
    "puell_multiple": 0.6791428571,
    "rhodl_ratio": 1145.9652666667,
    "realized_price": 54082.1823693325,
    "sth_realized_price": 78689.4191253454,
    "lth_realized_price": 49673.6633453222,
    "supply_in_profit": 52.14,
    "active_addresses": 655019.0,
    "hashrate": 997225693.45,
    "funding_rate_bg": -8.108e-05,
    "open_interest_bg": 71788.6797825833,
    "etf_balance_bg": 1519735.8292965868,
    "pi_cycle_bg": 73386.9,
    "fear_greed_bg": 16.0,
    "lth_mvrv": 1.62,
    "sth_mvrv": 0.88,
    "funding_btc_3d_avg": -0.0081,
    "funding_eth_3d_avg": 0,
    "funding_sol_3d_avg": 0,
    "oi_btc": 71788.6797825833,
    "liquidations_24h": null,
    "btc_price": 71699.0,
    "eth_price": 2218.71,
    "sol_price": 82.32,
    "usdt_price": 1.0,
    "usdc_price": 1.0,
    "btc_24h_chg": -1.424945290250018,
    "eth_24h_chg": -0.6905860958443367,
    "sol_24h_chg": -2.0313262033896455,
    "btc_mcap": 1435201491009.9238,
    "btc_dominance": 57.085661387329864,
    "total_crypto_mcap": 2516159910937.3813,
    "stablecoin_supply_total": 317000787741.567,
    "usdt_supply": 184386836882.97052,
    "usdc_supply": 78717607583.95131,
    "usdt_usdc_ratio": 2.342,
    "defi_tvl_total": 95202691002.0,
    "fear_greed_raw": 16,
    "fear_greed_7d_avg": 14.6,
    "puell_calc": 0.659,
    "miner_revenue": 30023284.0,
    "active_addresses_bc": 441709,
    "v16_macro_state": 3,
    "v16_state_name": "LATE_EXPANSION",
    "v16_modifier": 0.85,
    "v16_states_30d": 2,
    "v16_unstable": false,
    "howell_liq_dir": 0,
    "howell_vote_sum": 0,
    "rainbow_band": 3,
    "rainbow_score": -1.142,
    "pi_top_111sma": 80332.94,
    "pi_top_2x350ema": 179670.54,
    "pi_top_proximity": -0.5529,
    "btc_200dma": 92265.85,
    "btc_200dma_slope": -0.0673,
    "below_200dma_falling": "True",
    "btc_200wma": 59116.93,
    "below_200wma": "False",
    "btc_2yr_ma": 86697.85,
    "btc_2yr_ma_x5": 433489.24,
    "days_since_halving": 723,
    "halving_phase": 0.495,
    "btc_realvol_60d": 0.5579,
    "btc_7d_chg": 9.16,
    "btc_30d_chg": 9.47,
    "btc_90d_chg": -16.91,
    "btc_ath_252d": 124720.09,
    "btc_dd_from_ath": -0.4163,
    "btc_dd_21d": -0.0177,
    "eth_btc_ratio": 0.030945,
    "sol_btc_ratio": 0.001148,
    "oi_mcap_ratio": 0.0,
    "meme_explosion_count": 0
  }
}