{
  "metadata": {
    "generated_at": "2026-04-26T06:57:02.208725+00:00",
    "version": "2.1",
    "degradation": "DEGRADED",
    "ok": 79,
    "failed": 3,
    "failures": [
      {
        "source": "reserve_risk",
        "reason": "BG parse error: reserve_risk.json"
      },
      {
        "source": "supply_lth",
        "reason": "BG parse error: lth_supply.json"
      },
      {
        "source": "supply_sth",
        "reason": "BG parse error: sth_supply.json"
      }
    ],
    "cost": "$0",
    "bg_source": "github_raw"
  },
  "data": {
    "mvrv_zscore": 0.8009,
    "nupl": 0.30407397,
    "sopr": 0.9999235259,
    "lth_sopr": 1.1134168213,
    "sth_sopr": 0.9995998121,
    "puell_multiple": 0.7562857143,
    "rhodl_ratio": 1204.2501,
    "realized_price": 53621.76,
    "sth_realized_price": 77830.9108811107,
    "lth_realized_price": 50216.4804047353,
    "supply_in_profit": 52.38,
    "active_addresses": 548575.0,
    "hashrate": 957005629.58,
    "funding_rate_bg": -1.077e-05,
    "open_interest_bg": 77444.269277031,
    "etf_balance_bg": 1543279.0436613197,
    "pi_cycle_bg": 77518.85,
    "fear_greed_bg": 33.0,
    "lth_mvrv": 1.71,
    "sth_mvrv": 0.97,
    "funding_btc_3d_avg": -0.0011,
    "funding_eth_3d_avg": 0,
    "funding_sol_3d_avg": 0,
    "oi_btc": 77444.269277031,
    "liquidations_24h": null,
    "btc_price": 77975.0,
    "eth_price": 2329.61,
    "sol_price": 86.48,
    "usdt_price": 1.0,
    "usdc_price": 0.999804,
    "btc_24h_chg": 0.5529804684678947,
    "eth_24h_chg": 0.5403963650698993,
    "sol_24h_chg": -0.03132735677374773,
    "btc_mcap": 1561065444804.4731,
    "btc_dominance": 58.18125620057951,
    "total_crypto_mcap": 2681821983738.6357,
    "stablecoin_supply_total": 318926369902.0605,
    "usdt_supply": 189789381739.69504,
    "usdc_supply": 77812074290.78033,
    "usdt_usdc_ratio": 2.439,
    "defi_tvl_total": 84478196832.0,
    "fear_greed_raw": 33,
    "fear_greed_7d_avg": 34.7,
    "puell_calc": 0.783,
    "miner_revenue": 35540028.0,
    "active_addresses_bc": 428848,
    "v16_macro_state": 3,
    "v16_state_name": "LATE_EXPANSION",
    "v16_modifier": 0.85,
    "v16_states_30d": 2,
    "v16_unstable": false,
    "howell_liq_dir": 0,
    "howell_vote_sum": 0,
    "rainbow_band": 3,
    "rainbow_score": -1.043,
    "pi_top_111sma": 78930.32,
    "pi_top_2x350ema": 178069.15,
    "pi_top_proximity": -0.5567,
    "btc_200dma": 90348.93,
    "btc_200dma_slope": -0.0636,
    "below_200dma_falling": "True",
    "btc_200wma": 59441.76,
    "below_200wma": "False",
    "btc_2yr_ma": 86782.51,
    "btc_2yr_ma_x5": 433912.53,
    "days_since_halving": 737,
    "halving_phase": 0.505,
    "btc_realvol_60d": 0.5424,
    "btc_7d_chg": 5.48,
    "btc_30d_chg": 6.22,
    "btc_90d_chg": -14.19,
    "btc_ath_252d": 124720.09,
    "btc_dd_from_ath": -0.3767,
    "btc_dd_21d": -0.0053,
    "eth_btc_ratio": 0.029876,
    "sol_btc_ratio": 0.001109,
    "oi_mcap_ratio": 0.0,
    "meme_explosion_count": 0
  }
}