{
  "metadata": {
    "generated_at": "2026-05-03T07:15:04.701998+00:00",
    "version": "2.1",
    "degradation": "DEGRADED",
    "ok": 79,
    "failed": 3,
    "failures": [
      {
        "source": "reserve_risk",
        "reason": "BG parse error: reserve_risk.json"
      },
      {
        "source": "supply_lth",
        "reason": "BG parse error: lth_supply.json"
      },
      {
        "source": "supply_sth",
        "reason": "BG parse error: sth_supply.json"
      }
    ],
    "cost": "$0",
    "bg_source": "github_raw"
  },
  "data": {
    "mvrv_zscore": 0.8072,
    "nupl": 0.3027146792,
    "sopr": 1.0032089855,
    "lth_sopr": 1.398165908,
    "sth_sopr": 1.001783272,
    "puell_multiple": 0.7817142857,
    "rhodl_ratio": 1211.0112666667,
    "realized_price": 53604.3,
    "sth_realized_price": 77158.0006119938,
    "lth_realized_price": 50379.8918023823,
    "supply_in_profit": 54.9,
    "active_addresses": 620486.0,
    "hashrate": 904161366.54,
    "funding_rate_bg": -5.103e-05,
    "open_interest_bg": 78132.6437852133,
    "etf_balance_bg": 1543321.6549485177,
    "pi_cycle_bg": 78712.5387317358,
    "fear_greed_bg": 39.0,
    "lth_mvrv": 1.67,
    "sth_mvrv": 0.99,
    "funding_btc_3d_avg": -0.0051,
    "funding_eth_3d_avg": 0,
    "funding_sol_3d_avg": 0,
    "oi_btc": 78132.6437852133,
    "liquidations_24h": null,
    "btc_price": 78345.0,
    "eth_price": 2307.46,
    "sol_price": 83.83,
    "usdt_price": 0.999822,
    "usdc_price": 0.999964,
    "btc_24h_chg": 0.06650813520851881,
    "eth_24h_chg": 0.12214733539995457,
    "sol_24h_chg": 0.07229089789514279,
    "btc_mcap": 1569151383444.3076,
    "btc_dominance": 58.45617335479538,
    "total_crypto_mcap": 2683659100223.913,
    "stablecoin_supply_total": 320002866081.46814,
    "usdt_supply": 189518930598.01025,
    "usdc_supply": 78274810343.40614,
    "usdt_usdc_ratio": 2.421,
    "defi_tvl_total": 84534320494.0,
    "fear_greed_raw": 47,
    "fear_greed_7d_avg": 35.3,
    "puell_calc": 0.792,
    "miner_revenue": 35894449.0,
    "active_addresses_bc": 472688,
    "v16_macro_state": 3,
    "v16_state_name": "LATE_EXPANSION",
    "v16_modifier": 0.85,
    "v16_states_30d": 1,
    "v16_unstable": false,
    "howell_liq_dir": 0,
    "howell_vote_sum": 0,
    "rainbow_band": 3,
    "rainbow_score": -1.072,
    "pi_top_111sma": 78483.98,
    "pi_top_2x350ema": 177386.22,
    "pi_top_proximity": -0.5576,
    "btc_200dma": 89362.39,
    "btc_200dma_slope": -0.0634,
    "below_200dma_falling": "True",
    "btc_200wma": 59607.62,
    "below_200wma": "False",
    "btc_2yr_ma": 86834.97,
    "btc_2yr_ma_x5": 434174.83,
    "days_since_halving": 744,
    "halving_phase": 0.51,
    "btc_realvol_60d": 0.3607,
    "btc_7d_chg": -1.06,
    "btc_30d_chg": 13.69,
    "btc_90d_chg": -15.35,
    "btc_ath_252d": 124720.09,
    "btc_dd_from_ath": -0.3822,
    "btc_dd_21d": -0.0142,
    "eth_btc_ratio": 0.029453,
    "sol_btc_ratio": 0.00107,
    "oi_mcap_ratio": 0.0,
    "meme_explosion_count": 0
  }
}