{
  "metadata": {
    "generated_at": "2026-03-29T06:10:21.727085+00:00",
    "version": "2.1",
    "degradation": "NOMINAL",
    "ok": 82,
    "failed": 0,
    "failures": [],
    "cost": "$0",
    "bg_source": "github_raw"
  },
  "data": {
    "mvrv_zscore": 0.5086,
    "nupl": 0.1823349475,
    "sopr": 0.9550373036,
    "lth_sopr": 0.63267245,
    "sth_sopr": 0.9919646853,
    "puell_multiple": 0.7614285714,
    "reserve_risk": 0.001786,
    "rhodl_ratio": 1209.8272666667,
    "realized_price": 53683.53,
    "sth_realized_price": 79807.6970682716,
    "lth_realized_price": 48741.05125892,
    "supply_lth": 14180789.51833743,
    "supply_sth": 5787621.01688686,
    "supply_in_profit": 41.67,
    "active_addresses": 640242.0,
    "hashrate": 1177385650.87,
    "funding_rate_bg": -1.73e-06,
    "open_interest_bg": 68722.9718366452,
    "etf_balance_bg": 1513655.948528824,
    "pi_cycle_bg": 66351.0725251315,
    "fear_greed_bg": 12.0,
    "lth_mvrv": 1.53,
    "sth_mvrv": 0.79,
    "funding_btc_3d_avg": -0.0002,
    "funding_eth_3d_avg": 0,
    "funding_sol_3d_avg": 0,
    "oi_btc": 68722.9718366452,
    "liquidations_24h": null,
    "btc_price": 66806.0,
    "eth_price": 2005.34,
    "sol_price": 82.68,
    "usdt_price": 0.999231,
    "usdc_price": 0.999735,
    "btc_24h_chg": 0.7615006813599936,
    "eth_24h_chg": 0.5425952455787063,
    "sol_24h_chg": -0.06727085841506236,
    "btc_mcap": 1335492536355.559,
    "btc_dominance": 56.08825616053967,
    "total_crypto_mcap": 2380779165953.455,
    "stablecoin_supply_total": 313795738385.1672,
    "usdt_supply": 184024163057.6435,
    "usdc_supply": 77627220507.82535,
    "usdt_usdc_ratio": 2.371,
    "defi_tvl_total": 92488037001.0,
    "fear_greed_raw": 9,
    "fear_greed_7d_avg": 11.0,
    "puell_calc": 0.82,
    "miner_revenue": 37549562.0,
    "active_addresses_bc": 432914,
    "v16_macro_state": 3,
    "v16_state_name": "LATE_EXPANSION",
    "v16_modifier": 0.85,
    "v16_states_30d": 1,
    "v16_unstable": false,
    "howell_liq_dir": 0,
    "howell_vote_sum": 0,
    "rainbow_band": 2,
    "rainbow_score": -1.226,
    "pi_top_111sma": 82361.37,
    "pi_top_2x350ema": 182332.28,
    "pi_top_proximity": -0.5483,
    "btc_200dma": 94528.51,
    "btc_200dma_slope": -0.0692,
    "below_200dma_falling": "True",
    "btc_200wma": 58806.85,
    "below_200wma": "False",
    "btc_2yr_ma": 86657.0,
    "btc_2yr_ma_x5": 433284.98,
    "days_since_halving": 709,
    "halving_phase": 0.486,
    "btc_realvol_60d": 0.5533,
    "btc_7d_chg": -7.41,
    "btc_30d_chg": 2.37,
    "btc_90d_chg": -23.98,
    "btc_ath_252d": 124720.09,
    "btc_dd_from_ath": -0.4498,
    "btc_dd_21d": -0.0741,
    "eth_btc_ratio": 0.030017,
    "sol_btc_ratio": 0.001238,
    "oi_mcap_ratio": 0.0,
    "meme_explosion_count": 0
  }
}