{
  "metadata": {
    "generated_at": "2026-03-19T08:04:12.601394+00:00",
    "version": "2.0",
    "degradation": "NOMINAL",
    "ok": 82,
    "failed": 0,
    "failures": [],
    "cost": "$0",
    "bg_source": "github_raw"
  },
  "data": {
    "mvrv_zscore": 0.701,
    "nupl": 0.2698991232,
    "sopr": 0.9906461739,
    "lth_sopr": 0.7511444142,
    "sth_sopr": 0.9939451327,
    "puell_multiple": 0.6491428571,
    "reserve_risk": 0.001786,
    "rhodl_ratio": 1386.6659,
    "realized_price": 54246.9113061699,
    "sth_realized_price": 86208.660967792,
    "lth_realized_price": 47982.8398181432,
    "supply_lth": 14180789.51833743,
    "supply_sth": 5787621.01688686,
    "supply_in_profit": 48.48,
    "active_addresses": 625137.0,
    "hashrate": 1017494263.24,
    "funding_rate_bg": -9.74e-06,
    "open_interest_bg": 74086.013609585,
    "etf_balance_bg": 1514087.7799865333,
    "pi_cycle_bg": 71106.01,
    "fear_greed_bg": 23.0,
    "lth_mvrv": 1.75,
    "sth_mvrv": 0.86,
    "funding_btc_3d_avg": -0.001,
    "funding_eth_3d_avg": 0,
    "funding_sol_3d_avg": 0,
    "oi_btc": 74086.013609585,
    "liquidations_24h": null,
    "btc_price": 70215.0,
    "eth_price": 2167.14,
    "sol_price": 89.51,
    "usdt_price": 1.0,
    "usdc_price": 0.999892,
    "btc_24h_chg": -5.046374327902425,
    "eth_24h_chg": -6.629092343677039,
    "sol_24h_chg": -4.795842294135837,
    "btc_mcap": 1404456073901.792,
    "btc_dominance": 56.26483537500832,
    "total_crypto_mcap": 2495460572233.025,
    "stablecoin_supply_total": 314269954713.8977,
    "usdt_supply": 183286676102.30307,
    "usdc_supply": 79412037406.44487,
    "usdt_usdc_ratio": 2.308,
    "defi_tvl_total": 95798821803.0,
    "fear_greed_raw": 23,
    "fear_greed_7d_avg": 20.9,
    "puell_calc": 0.678,
    "miner_revenue": 31213760.0,
    "active_addresses_bc": 477639,
    "v16_macro_state": 3,
    "v16_state_name": "LATE_EXPANSION",
    "v16_modifier": 0.85,
    "v16_states_30d": 1,
    "v16_unstable": false,
    "howell_liq_dir": 0,
    "howell_vote_sum": 0,
    "rainbow_band": 2,
    "rainbow_score": -1.157,
    "pi_top_111sma": 83390.72,
    "pi_top_2x350ema": 183826.23,
    "pi_top_proximity": -0.5464,
    "btc_200dma": 95849.24,
    "btc_200dma_slope": -0.0697,
    "below_200dma_falling": "True",
    "btc_200wma": 58638.1,
    "below_200wma": "False",
    "btc_2yr_ma": 86662.49,
    "btc_2yr_ma_x5": 433312.47,
    "days_since_halving": 699,
    "halving_phase": 0.479,
    "btc_realvol_60d": 0.5417,
    "btc_7d_chg": 1.08,
    "btc_30d_chg": 12.54,
    "btc_90d_chg": -21.83,
    "btc_ath_252d": 124720.09,
    "btc_dd_from_ath": -0.4334,
    "btc_dd_21d": -0.0465,
    "eth_btc_ratio": 0.030864,
    "sol_btc_ratio": 0.001275,
    "oi_mcap_ratio": 0.0,
    "meme_explosion_count": 0
  }
}