{
  "metadata": {
    "generated_at": "2026-03-18T18:54:12.144516+00:00",
    "version": "1.0",
    "degradation": "NOMINAL",
    "ok": 82,
    "failed": 0,
    "failures": [],
    "cost": "$0",
    "bg_source": "github_raw"
  },
  "data": {
    "mvrv_zscore": 0.701,
    "nupl": 0.2752482478,
    "sopr": 1.0001163126,
    "lth_sopr": 0.8794885728,
    "sth_sopr": 1.0021783446,
    "puell_multiple": 0.6448571429,
    "reserve_risk": 0.001786,
    "rhodl_ratio": 1386.6659,
    "realized_price": 53862.95,
    "sth_realized_price": 86397.2759053058,
    "lth_realized_price": 47958.665188688,
    "supply_lth": 14180789.51833743,
    "supply_sth": 5787621.01688686,
    "supply_in_profit": 50.76,
    "active_addresses": 679525.0,
    "hashrate": 870648176.57,
    "funding_rate_bg": 2.41e-06,
    "open_interest_bg": 74723.9575534775,
    "etf_balance_bg": 1514087.7799865333,
    "pi_cycle_bg": 74300.57,
    "fear_greed_bg": 26.0,
    "lth_mvrv": 1.75,
    "sth_mvrv": 0.86,
    "funding_btc_3d_avg": 0.0002,
    "funding_eth_3d_avg": 0,
    "funding_sol_3d_avg": 0,
    "oi_btc": 74723.9575534775,
    "liquidations_24h": null,
    "btc_price": 71356.0,
    "eth_price": 2188.63,
    "sol_price": 89.86,
    "usdt_price": 1.0,
    "usdc_price": 0.999905,
    "btc_24h_chg": -4.521437510760909,
    "eth_24h_chg": -6.302189096756547,
    "sol_24h_chg": -5.830492378801791,
    "btc_mcap": 1429067897745.2092,
    "btc_dominance": 56.55291911104192,
    "total_crypto_mcap": 2527587033580.253,
    "stablecoin_supply_total": 314450357615.79205,
    "usdt_supply": 183381288184.51376,
    "usdc_supply": 79520496737.72961,
    "usdt_usdc_ratio": 2.306,
    "defi_tvl_total": 96428054665.0,
    "fear_greed_raw": 26,
    "fear_greed_7d_avg": 20.1,
    "puell_calc": 0.678,
    "miner_revenue": 31213760.0,
    "active_addresses_bc": 477639,
    "v16_macro_state": 3,
    "v16_state_name": "LATE_EXPANSION",
    "v16_modifier": 0.85,
    "v16_states_30d": 1,
    "v16_unstable": false,
    "howell_liq_dir": 0,
    "howell_vote_sum": 0,
    "rainbow_band": 3,
    "rainbow_score": -1.067,
    "pi_top_111sma": 83602.61,
    "pi_top_2x350ema": 184069.78,
    "pi_top_proximity": -0.5458,
    "btc_200dma": 96060.2,
    "btc_200dma_slope": -0.0701,
    "below_200dma_falling": "True",
    "btc_200wma": 58612.95,
    "below_200wma": "False",
    "btc_2yr_ma": 86657.39,
    "btc_2yr_ma_x5": 433286.95,
    "days_since_halving": 698,
    "halving_phase": 0.478,
    "btc_realvol_60d": 0.5345,
    "btc_7d_chg": 9.67,
    "btc_30d_chg": 1.52,
    "btc_90d_chg": -16.98,
    "btc_ath_252d": 124720.09,
    "btc_dd_from_ath": -0.4058,
    "btc_dd_21d": 0.0,
    "eth_btc_ratio": 0.030672,
    "sol_btc_ratio": 0.001259,
    "oi_mcap_ratio": 0.0,
    "meme_explosion_count": 0
  }
}