{
  "metadata": {
    "generated_at": "2026-03-20T06:27:54.253818+00:00",
    "version": "2.1",
    "degradation": "NOMINAL",
    "ok": 82,
    "failed": 0,
    "failures": [],
    "cost": "$0",
    "bg_source": "github_raw"
  },
  "data": {
    "mvrv_zscore": 0.6768,
    "nupl": 0.237423541,
    "sopr": 0.9895958671,
    "lth_sopr": 0.790231866,
    "sth_sopr": 0.9932638786,
    "puell_multiple": 0.6534285714,
    "reserve_risk": 0.001786,
    "rhodl_ratio": 1364.0283,
    "realized_price": 54223.769322479,
    "sth_realized_price": 85942.4007249232,
    "lth_realized_price": 48088.102825386,
    "supply_lth": 14180789.51833743,
    "supply_sth": 5787621.01688686,
    "supply_in_profit": 47.59,
    "active_addresses": 625137.0,
    "hashrate": 962927911.38,
    "funding_rate_bg": -9.74e-06,
    "open_interest_bg": 74086.013609585,
    "etf_balance_bg": 1516779.246165977,
    "pi_cycle_bg": 70220.65,
    "fear_greed_bg": 11.0,
    "lth_mvrv": 1.69,
    "sth_mvrv": 0.84,
    "funding_btc_3d_avg": -0.001,
    "funding_eth_3d_avg": 0,
    "funding_sol_3d_avg": 0,
    "oi_btc": 74086.013609585,
    "liquidations_24h": null,
    "btc_price": 70487.0,
    "eth_price": 2136.81,
    "sol_price": 89.08,
    "usdt_price": 0.999934,
    "usdc_price": 0.999917,
    "btc_24h_chg": -0.43224184800243437,
    "eth_24h_chg": -2.394506441723722,
    "sol_24h_chg": -1.0018122939543759,
    "btc_mcap": 1409961537941.9204,
    "btc_dominance": 56.4876470140279,
    "total_crypto_mcap": 2495313542640.447,
    "stablecoin_supply_total": 315683364390.6229,
    "usdt_supply": 184131492950.6621,
    "usdc_supply": 79198407190.33382,
    "usdt_usdc_ratio": 2.325,
    "defi_tvl_total": 95127894245.0,
    "fear_greed_raw": 11,
    "fear_greed_7d_avg": 20.3,
    "puell_calc": 0.678,
    "miner_revenue": 31213760.0,
    "active_addresses_bc": 477639,
    "v16_macro_state": 3,
    "v16_state_name": "LATE_EXPANSION",
    "v16_modifier": 0.85,
    "v16_states_30d": 1,
    "v16_unstable": false,
    "howell_liq_dir": 0,
    "howell_vote_sum": 0,
    "rainbow_band": 2,
    "rainbow_score": -1.157,
    "pi_top_111sma": 83390.72,
    "pi_top_2x350ema": 183826.23,
    "pi_top_proximity": -0.5464,
    "btc_200dma": 95849.24,
    "btc_200dma_slope": -0.0697,
    "below_200dma_falling": "True",
    "btc_200wma": 58638.1,
    "below_200wma": "False",
    "btc_2yr_ma": 86662.49,
    "btc_2yr_ma_x5": 433312.47,
    "days_since_halving": 700,
    "halving_phase": 0.479,
    "btc_realvol_60d": 0.5417,
    "btc_7d_chg": 1.08,
    "btc_30d_chg": 12.54,
    "btc_90d_chg": -21.83,
    "btc_ath_252d": 124720.09,
    "btc_dd_from_ath": -0.4334,
    "btc_dd_21d": -0.0465,
    "eth_btc_ratio": 0.030315,
    "sol_btc_ratio": 0.001264,
    "oi_mcap_ratio": 0.0,
    "meme_explosion_count": 0
  }
}