{
  "metadata": {
    "generated_at": "2026-04-19T06:27:06.230467+00:00",
    "version": "2.1",
    "degradation": "DEGRADED",
    "ok": 79,
    "failed": 3,
    "failures": [
      {
        "source": "reserve_risk",
        "reason": "BG parse error: reserve_risk.json"
      },
      {
        "source": "supply_lth",
        "reason": "BG parse error: lth_supply.json"
      },
      {
        "source": "supply_sth",
        "reason": "BG parse error: sth_supply.json"
      }
    ],
    "cost": "$0",
    "bg_source": "github_raw"
  },
  "data": {
    "mvrv_zscore": 0.7881,
    "nupl": 0.3007750373,
    "sopr": 0.9998631478,
    "lth_sopr": 0.9367174372,
    "sth_sopr": 1.0003569635,
    "puell_multiple": 0.7845714286,
    "rhodl_ratio": 1170.7169,
    "realized_price": 53693.28,
    "sth_realized_price": 78461.6659467478,
    "lth_realized_price": 50020.1340880917,
    "supply_in_profit": 52.32,
    "active_addresses": 666008.0,
    "hashrate": 1049223189.65,
    "funding_rate_bg": -4.586e-05,
    "open_interest_bg": 75095.7442159556,
    "etf_balance_bg": 1528763.4047533488,
    "pi_cycle_bg": 75780.43,
    "fear_greed_bg": 27.0,
    "lth_mvrv": 1.69,
    "sth_mvrv": 0.94,
    "funding_btc_3d_avg": -0.0046,
    "funding_eth_3d_avg": 0,
    "funding_sol_3d_avg": 0,
    "oi_btc": 75095.7442159556,
    "liquidations_24h": null,
    "btc_price": 75454.0,
    "eth_price": 2331.14,
    "sol_price": 85.47,
    "usdt_price": 1.0,
    "usdc_price": 0.999921,
    "btc_24h_chg": -2.135037637941618,
    "eth_24h_chg": -3.1889260834069644,
    "sol_24h_chg": -3.3664828763359176,
    "btc_mcap": 1510255120623.2583,
    "btc_dominance": 57.50635543356013,
    "total_crypto_mcap": 2625139684601.919,
    "stablecoin_supply_total": 320136170129.55927,
    "usdt_supply": 186889849094.2196,
    "usdc_supply": 78545804769.73262,
    "usdt_usdc_ratio": 2.379,
    "defi_tvl_total": 91118157363.0,
    "fear_greed_raw": 27,
    "fear_greed_7d_avg": 21.9,
    "puell_calc": 0.818,
    "miner_revenue": 37175674.0,
    "active_addresses_bc": 439552,
    "v16_macro_state": 3,
    "v16_state_name": "LATE_EXPANSION",
    "v16_modifier": 0.85,
    "v16_states_30d": 2,
    "v16_unstable": false,
    "howell_liq_dir": 0,
    "howell_vote_sum": 0,
    "rainbow_band": 3,
    "rainbow_score": -1.098,
    "pi_top_111sma": 79588.9,
    "pi_top_2x350ema": 178769.72,
    "pi_top_proximity": -0.5548,
    "btc_200dma": 91316.98,
    "btc_200dma_slope": -0.0653,
    "below_200dma_falling": "True",
    "btc_200wma": 59276.54,
    "below_200wma": "False",
    "btc_2yr_ma": 86724.08,
    "btc_2yr_ma_x5": 433620.41,
    "days_since_halving": 730,
    "halving_phase": 0.5,
    "btc_realvol_60d": 0.569,
    "btc_7d_chg": 5.51,
    "btc_30d_chg": 10.97,
    "btc_90d_chg": -13.92,
    "btc_ath_252d": 124720.09,
    "btc_dd_from_ath": -0.3988,
    "btc_dd_21d": 0.0,
    "eth_btc_ratio": 0.030895,
    "sol_btc_ratio": 0.001133,
    "oi_mcap_ratio": 0.0,
    "meme_explosion_count": 0
  }
}